ETH,users
1.0,0.6232988848977684
0.6232988848977684,1.0
