DOGE,users
1.0,0.5295572810656579
0.5295572810656579,1.0
