XRP,users
1.0,-0.1599809955195277
-0.1599809955195277,1.0
