LTC,users
1.0,-0.39027013189521836
-0.39027013189521836,1.0
