BTC,users
1.0,0.4294397615200337
0.4294397615200337,1.0
